{
  "in_sample": {
    "total_return_%": 282.64412373537954,
    "max_drawdown_%": 3.00602698355886,
    "sharpe_ratio": 1.2352551320813911,
    "sortino_ratio": 0.7285606347569462,
    "calmar_ratio": 3.3166928535018196,
    "total_trades": 50,
    "win_rate_%": 82.0,
    "profit_factor": 24.463502039772433
  },
  "out_of_sample": {
    "total_return_%": 162.49306630631267,
    "max_drawdown_%": 0.0,
    "sharpe_ratio": 1.4186303681719417,
    "sortino_ratio": Infinity,
    "calmar_ratio": Infinity,
    "total_trades": 23,
    "win_rate_%": 100.0,
    "profit_factor": Infinity
  }
}