{
  "in_sample": {
    "total_return_%": 290.7583721589413,
    "max_drawdown_%": 2.8282447787236875,
    "sharpe_ratio": 1.218054787537261,
    "sortino_ratio": 0.6929497403906537,
    "calmar_ratio": 3.538238947568803,
    "total_trades": 50,
    "win_rate_%": 86.0,
    "profit_factor": 25.017369256017233
  },
  "out_of_sample": {
    "total_return_%": 156.82028087082162,
    "max_drawdown_%": 2.1228057425461753,
    "sharpe_ratio": 1.3702467714320627,
    "sortino_ratio": 1.0961108332784508,
    "calmar_ratio": 7.678489617132361,
    "total_trades": 24,
    "win_rate_%": 87.5,
    "profit_factor": 18.433641813294546
  }
}