{
  "in_sample": {
    "total_return_%": 292.4462547121466,
    "max_drawdown_%": 2.798773590854636,
    "sharpe_ratio": 1.2291242862569305,
    "sortino_ratio": 0.6935134264120945,
    "calmar_ratio": 3.5839853884536317,
    "total_trades": 50,
    "win_rate_%": 86.0,
    "profit_factor": 27.675729837006898
  },
  "out_of_sample": {
    "total_return_%": 155.00324481106546,
    "max_drawdown_%": 1.917148424510077,
    "sharpe_ratio": 1.3372127303603076,
    "sortino_ratio": 1.1719190007979738,
    "calmar_ratio": 8.446833210191684,
    "total_trades": 23,
    "win_rate_%": 86.95652173913044,
    "profit_factor": 20.453002032898674
  }
}