{
  "in_sample": {
    "total_return_%": 291.0510326413909,
    "max_drawdown_%": 2.850434153206974,
    "sharpe_ratio": 1.2219074226666744,
    "sortino_ratio": 0.7696968862482851,
    "calmar_ratio": 3.52022746149485,
    "total_trades": 50,
    "win_rate_%": 86.0,
    "profit_factor": 23.800848843189137
  },
  "out_of_sample": {
    "total_return_%": 161.50405380885425,
    "max_drawdown_%": 1.955301785101377,
    "sharpe_ratio": 1.3985958063987887,
    "sortino_ratio": 0.8096103764262663,
    "calmar_ratio": 8.505377507512748,
    "total_trades": 23,
    "win_rate_%": 91.30434782608695,
    "profit_factor": 33.96935312332039
  }
}