{
  "in_sample": {
    "total_return_%": 289.07205020471747,
    "max_drawdown_%": 2.8131822992273547,
    "sharpe_ratio": 1.2321536045297699,
    "sortino_ratio": 0.7056252111038416,
    "calmar_ratio": 3.5378104879450416,
    "total_trades": 50,
    "win_rate_%": 86.0,
    "profit_factor": 27.199065808346056
  },
  "out_of_sample": {
    "total_return_%": 154.09191339464653,
    "max_drawdown_%": 2.4279423783061316,
    "sharpe_ratio": 1.3298190259703373,
    "sortino_ratio": 1.3680559383545572,
    "calmar_ratio": 6.641948965692427,
    "total_trades": 24,
    "win_rate_%": 83.33333333333334,
    "profit_factor": 17.910025172266412
  }
}