{
  "in_sample": {
    "total_return_%": 283.0193517578372,
    "max_drawdown_%": 2.9910522064897473,
    "sharpe_ratio": 1.2409854003522578,
    "sortino_ratio": 0.6957138645551562,
    "calmar_ratio": 3.32504672712136,
    "total_trades": 52,
    "win_rate_%": 80.76923076923077,
    "profit_factor": 24.929422722986722
  },
  "out_of_sample": {
    "total_return_%": 164.41527491109883,
    "max_drawdown_%": 0.0,
    "sharpe_ratio": 1.4261154548013493,
    "sortino_ratio": Infinity,
    "calmar_ratio": Infinity,
    "total_trades": 23,
    "win_rate_%": 100.0,
    "profit_factor": Infinity
  }
}