{
  "in_sample": {
    "total_return_%": 285.03176143875817,
    "max_drawdown_%": 3.007490657589679,
    "sharpe_ratio": 1.244187988985682,
    "sortino_ratio": 0.7546642070123286,
    "calmar_ratio": 3.312895594584893,
    "total_trades": 51,
    "win_rate_%": 82.35294117647058,
    "profit_factor": 23.104808322395385
  },
  "out_of_sample": {
    "total_return_%": 161.82946188749997,
    "max_drawdown_%": 0.47753754400529935,
    "sharpe_ratio": 1.4111481032650013,
    "sortino_ratio": 11.986502584802869,
    "calmar_ratio": 35.037917050344234,
    "total_trades": 24,
    "win_rate_%": 91.66666666666666,
    "profit_factor": 195.5847878905657
  }
}