{
  "in_sample": {
    "total_return_%": 290.1999583623367,
    "max_drawdown_%": 2.86771833560639,
    "sharpe_ratio": 1.2214388610428293,
    "sortino_ratio": 0.7176141790295166,
    "calmar_ratio": 3.499376815811061,
    "total_trades": 50,
    "win_rate_%": 86.0,
    "profit_factor": 26.639759636044435
  },
  "out_of_sample": {
    "total_return_%": 161.70674132384963,
    "max_drawdown_%": 0.3095706821986494,
    "sharpe_ratio": 1.4053754795416782,
    "sortino_ratio": 8.055495210306272,
    "calmar_ratio": 53.81702720317477,
    "total_trades": 22,
    "win_rate_%": 90.9090909090909,
    "profit_factor": 232.42016921956719
  }
}