{
  "in_sample": {
    "total_return_%": 287.15629145792786,
    "max_drawdown_%": 2.8810535841242815,
    "sharpe_ratio": 1.275668947102309,
    "sortino_ratio": 0.7064964349232274,
    "calmar_ratio": 3.45948318972357,
    "total_trades": 49,
    "win_rate_%": 85.71428571428571,
    "profit_factor": 25.07778313341434
  },
  "out_of_sample": {
    "total_return_%": 160.78323416812958,
    "max_drawdown_%": 0.31066355376605403,
    "sharpe_ratio": 1.4040728848425745,
    "sortino_ratio": 7.991870440923485,
    "calmar_ratio": 53.536928281740195,
    "total_trades": 23,
    "win_rate_%": 91.30434782608695,
    "profit_factor": 231.4121779299068
  }
}