{
  "in_sample": {
    "total_return_%": 285.49672512378885,
    "max_drawdown_%": 2.9042826778037547,
    "sharpe_ratio": 1.2686826620760838,
    "sortino_ratio": 0.7442396528944429,
    "calmar_ratio": 3.4187383405525806,
    "total_trades": 50,
    "win_rate_%": 84.0,
    "profit_factor": 23.919041748362698
  },
  "out_of_sample": {
    "total_return_%": 161.2344312787156,
    "max_drawdown_%": 0.3101286480559998,
    "sharpe_ratio": 1.4043155134639111,
    "sortino_ratio": 8.026997461591224,
    "calmar_ratio": 53.69226576441426,
    "total_trades": 22,
    "win_rate_%": 90.9090909090909,
    "profit_factor": 231.76214613334025
  }
}