{
  "in_sample": {
    "total_return_%": 290.4912507871825,
    "max_drawdown_%": 2.86771833560639,
    "sharpe_ratio": 1.2219501439092033,
    "sortino_ratio": 0.7179637190852665,
    "calmar_ratio": 3.5012621630939056,
    "total_trades": 50,
    "win_rate_%": 86.0,
    "profit_factor": 26.664638612702483
  },
  "out_of_sample": {
    "total_return_%": 161.2344312787156,
    "max_drawdown_%": 0.3101286480559998,
    "sharpe_ratio": 1.4038483362856256,
    "sortino_ratio": 8.021695613862299,
    "calmar_ratio": 53.65680191648532,
    "total_trades": 22,
    "win_rate_%": 90.9090909090909,
    "profit_factor": 231.76214613334025
  }
}