{
  "in_sample": {
    "total_return_%": 284.2060022269156,
    "max_drawdown_%": 2.9743161577239907,
    "sharpe_ratio": 1.2463994996953194,
    "sortino_ratio": 0.7035898163835984,
    "calmar_ratio": 3.3478065262697996,
    "total_trades": 50,
    "win_rate_%": 82.0,
    "profit_factor": 26.907117135486484
  },
  "out_of_sample": {
    "total_return_%": 163.13985332982148,
    "max_drawdown_%": 0.0,
    "sharpe_ratio": 1.419770315562849,
    "sortino_ratio": Infinity,
    "calmar_ratio": Infinity,
    "total_trades": 23,
    "win_rate_%": 100.0,
    "profit_factor": Infinity
  }
}