{
  "in_sample": {
    "total_return_%": 285.36779354439125,
    "max_drawdown_%": 3.0085065134031233,
    "sharpe_ratio": 1.259011322956067,
    "sortino_ratio": 0.6524428405217189,
    "calmar_ratio": 3.3200910367556684,
    "total_trades": 49,
    "win_rate_%": 83.6734693877551,
    "profit_factor": 35.11809921059371
  },
  "out_of_sample": {
    "total_return_%": 164.41527491109883,
    "max_drawdown_%": 0.0,
    "sharpe_ratio": 1.4265929984055479,
    "sortino_ratio": Infinity,
    "calmar_ratio": Infinity,
    "total_trades": 23,
    "win_rate_%": 100.0,
    "profit_factor": Infinity
  }
}