{
  "in_sample": {
    "total_return_%": 290.5773030376448,
    "max_drawdown_%": 2.850434153206974,
    "sharpe_ratio": 1.2203431070913213,
    "sortino_ratio": 0.768887349068325,
    "calmar_ratio": 3.515241051229732,
    "total_trades": 50,
    "win_rate_%": 86.0,
    "profit_factor": 23.764969753212966
  },
  "out_of_sample": {
    "total_return_%": 161.54713060099888,
    "max_drawdown_%": 1.9549809924209172,
    "sharpe_ratio": 1.398561134094639,
    "sortino_ratio": 0.8093338635861207,
    "calmar_ratio": 8.502480082934314,
    "total_trades": 23,
    "win_rate_%": 91.30434782608695,
    "profit_factor": 33.97790326968387
  }
}