{
  "in_sample": {
    "total_return_%": 282.1400114050635,
    "max_drawdown_%": 3.0085065134031233,
    "sharpe_ratio": 1.2474096892693318,
    "sortino_ratio": 0.6487070702036231,
    "calmar_ratio": 3.30069815856013,
    "total_trades": 49,
    "win_rate_%": 83.6734693877551,
    "profit_factor": 27.106328711995786
  },
  "out_of_sample": {
    "total_return_%": 164.41527491109883,
    "max_drawdown_%": 0.0,
    "sharpe_ratio": 1.4261154548013493,
    "sortino_ratio": Infinity,
    "calmar_ratio": Infinity,
    "total_trades": 23,
    "win_rate_%": 100.0,
    "profit_factor": Infinity
  }
}