{
  "in_sample": {
    "total_return_%": 279.9822345125906,
    "max_drawdown_%": 3.0309673716210392,
    "sharpe_ratio": 1.2484686661493398,
    "sortino_ratio": 0.6727802494224299,
    "calmar_ratio": 3.273460401459619,
    "total_trades": 50,
    "win_rate_%": 84.0,
    "profit_factor": 25.566511721821616
  },
  "out_of_sample": {
    "total_return_%": 161.50520888870625,
    "max_drawdown_%": 0.15594399500144426,
    "sharpe_ratio": 1.414974734868891,
    "sortino_ratio": Infinity,
    "calmar_ratio": 107.87064487617282,
    "total_trades": 23,
    "win_rate_%": 95.65217391304348,
    "profit_factor": 797.9023233715525
  }
}