{
  "in_sample": {
    "total_return_%": 284.20659283109745,
    "max_drawdown_%": 2.9810882364095783,
    "sharpe_ratio": 1.2525992309741816,
    "sortino_ratio": 0.6716869481661518,
    "calmar_ratio": 3.3480106116553223,
    "total_trades": 50,
    "win_rate_%": 82.0,
    "profit_factor": 27.309014597619203
  },
  "out_of_sample": {
    "total_return_%": 162.94459181750403,
    "max_drawdown_%": 0.0,
    "sharpe_ratio": 1.419968589646334,
    "sortino_ratio": Infinity,
    "calmar_ratio": Infinity,
    "total_trades": 23,
    "win_rate_%": 100.0,
    "profit_factor": Infinity
  }
}