{
  "in_sample": {
    "total_return_%": 290.3851557759482,
    "max_drawdown_%": 2.8785297233275604,
    "sharpe_ratio": 1.2748559386454432,
    "sortino_ratio": 0.7114969107305563,
    "calmar_ratio": 3.4866002988393587,
    "total_trades": 49,
    "win_rate_%": 85.71428571428571,
    "profit_factor": 25.339585617661516
  },
  "out_of_sample": {
    "total_return_%": 160.78323416812958,
    "max_drawdown_%": 0.31066355376605403,
    "sharpe_ratio": 1.4045407558741265,
    "sortino_ratio": 7.997159567621647,
    "calmar_ratio": 53.57235973659245,
    "total_trades": 23,
    "win_rate_%": 91.30434782608695,
    "profit_factor": 231.4121779299068
  }
}