{
  "in_sample": {
    "total_return_%": 280.49397724455696,
    "max_drawdown_%": 3.0417327775437135,
    "sharpe_ratio": 1.2279757139449063,
    "sortino_ratio": 0.7072166842064894,
    "calmar_ratio": 3.263773036731791,
    "total_trades": 50,
    "win_rate_%": 82.0,
    "profit_factor": 23.602789937331554
  },
  "out_of_sample": {
    "total_return_%": 162.49306630631267,
    "max_drawdown_%": 0.0,
    "sharpe_ratio": 1.4186303681719417,
    "sortino_ratio": Infinity,
    "calmar_ratio": Infinity,
    "total_trades": 23,
    "win_rate_%": 100.0,
    "profit_factor": Infinity
  }
}