{
  "in_sample": {
    "total_return_%": 281.5523213535523,
    "max_drawdown_%": 3.0202857728475823,
    "sharpe_ratio": 1.241983948593568,
    "sortino_ratio": 0.6802665668637011,
    "calmar_ratio": 3.2896710525304607,
    "total_trades": 50,
    "win_rate_%": 82.0,
    "profit_factor": 25.8425600045979
  },
  "out_of_sample": {
    "total_return_%": 162.84783635082016,
    "max_drawdown_%": 0.0,
    "sharpe_ratio": 1.4199582241091946,
    "sortino_ratio": Infinity,
    "calmar_ratio": Infinity,
    "total_trades": 23,
    "win_rate_%": 100.0,
    "profit_factor": Infinity
  }
}