{
  "in_sample": {
    "total_return_%": 284.2520157997397,
    "max_drawdown_%": 2.9743161577239907,
    "sharpe_ratio": 1.2467368411800006,
    "sortino_ratio": 0.7038409876848619,
    "calmar_ratio": 3.349039507536688,
    "total_trades": 50,
    "win_rate_%": 82.0,
    "profit_factor": 26.91116898695095
  },
  "out_of_sample": {
    "total_return_%": 162.1576473551419,
    "max_drawdown_%": 0.0,
    "sharpe_ratio": 1.4145245094286008,
    "sortino_ratio": Infinity,
    "calmar_ratio": Infinity,
    "total_trades": 23,
    "win_rate_%": 100.0,
    "profit_factor": Infinity
  }
}