{
  "in_sample": {
    "total_return_%": 286.50055892491423,
    "max_drawdown_%": 2.885724886771401,
    "sharpe_ratio": 1.2158514317871272,
    "sortino_ratio": 0.7523425206224744,
    "calmar_ratio": 3.4555211007352677,
    "total_trades": 49,
    "win_rate_%": 83.6734693877551,
    "profit_factor": 23.981387956900278
  },
  "out_of_sample": {
    "total_return_%": 161.2344312787156,
    "max_drawdown_%": 0.3101286480559998,
    "sharpe_ratio": 1.4038483362856256,
    "sortino_ratio": 8.021695613862299,
    "calmar_ratio": 53.65680191648532,
    "total_trades": 22,
    "win_rate_%": 90.9090909090909,
    "profit_factor": 231.76214613334025
  }
}