{
  "in_sample": {
    "total_return_%": 282.8798443764089,
    "max_drawdown_%": 2.97336504054981,
    "sharpe_ratio": 1.2676501638302957,
    "sortino_ratio": 0.6612033391382885,
    "calmar_ratio": 3.3563126928535456,
    "total_trades": 50,
    "win_rate_%": 86.0,
    "profit_factor": 26.241508689279406
  },
  "out_of_sample": {
    "total_return_%": 163.32361656587793,
    "max_drawdown_%": 0.0,
    "sharpe_ratio": 1.4241600186488175,
    "sortino_ratio": Infinity,
    "calmar_ratio": Infinity,
    "total_trades": 22,
    "win_rate_%": 100.0,
    "profit_factor": Infinity
  }
}