{
  "in_sample": {
    "total_return_%": 290.0078825053402,
    "max_drawdown_%": 2.90648211308706,
    "sharpe_ratio": 1.2513104947840672,
    "sortino_ratio": 0.7087983823682354,
    "calmar_ratio": 3.4565644493809713,
    "total_trades": 51,
    "win_rate_%": 82.35294117647058,
    "profit_factor": 22.106522534332242
  },
  "out_of_sample": {
    "total_return_%": 161.59172330405679,
    "max_drawdown_%": 0.12526341782677988,
    "sharpe_ratio": 1.4094755943129311,
    "sortino_ratio": 12.035009839138525,
    "calmar_ratio": 133.36359542053034,
    "total_trades": 23,
    "win_rate_%": 91.30434782608695,
    "profit_factor": 1582.4519379475469
  }
}