{
  "in_sample": {
    "total_return_%": 286.7694965426207,
    "max_drawdown_%": 2.980779223429695,
    "sharpe_ratio": 1.2633344404312972,
    "sortino_ratio": 0.6604264955227114,
    "calmar_ratio": 3.3606071507928186,
    "total_trades": 49,
    "win_rate_%": 83.6734693877551,
    "profit_factor": 35.280120416847666
  },
  "out_of_sample": {
    "total_return_%": 164.41527491109883,
    "max_drawdown_%": 0.0,
    "sharpe_ratio": 1.4265929984055479,
    "sortino_ratio": Infinity,
    "calmar_ratio": Infinity,
    "total_trades": 23,
    "win_rate_%": 100.0,
    "profit_factor": Infinity
  }
}