{
  "in_sample": {
    "total_return_%": 282.88054419250415,
    "max_drawdown_%": 2.9937939681221812,
    "sharpe_ratio": 1.2456951833796814,
    "sortino_ratio": 0.6883611991819625,
    "calmar_ratio": 3.3270969109719233,
    "total_trades": 50,
    "win_rate_%": 82.0,
    "profit_factor": 25.850043260192322
  },
  "out_of_sample": {
    "total_return_%": 162.1576473551419,
    "max_drawdown_%": 0.0,
    "sharpe_ratio": 1.4159457955196857,
    "sortino_ratio": Infinity,
    "calmar_ratio": Infinity,
    "total_trades": 23,
    "win_rate_%": 100.0,
    "profit_factor": Infinity
  }
}