{
  "in_sample": {
    "total_return_%": 283.67679971913225,
    "max_drawdown_%": 3.0347696104045663,
    "sharpe_ratio": 1.23232956093075,
    "sortino_ratio": 0.7460390347437476,
    "calmar_ratio": 3.276241885562186,
    "total_trades": 50,
    "win_rate_%": 82.0,
    "profit_factor": 22.988384091501366
  },
  "out_of_sample": {
    "total_return_%": 164.73704992904547,
    "max_drawdown_%": 0.0,
    "sharpe_ratio": 1.4270925495577558,
    "sortino_ratio": Infinity,
    "calmar_ratio": Infinity,
    "total_trades": 23,
    "win_rate_%": 100.0,
    "profit_factor": Infinity
  }
}