{
  "in_sample": {
    "total_return_%": 289.07205020471747,
    "max_drawdown_%": 2.8131822992273547,
    "sharpe_ratio": 1.2321536045297699,
    "sortino_ratio": 0.7056252111038416,
    "calmar_ratio": 3.5378104879450416,
    "total_trades": 50,
    "win_rate_%": 86.0,
    "profit_factor": 27.199065808346056
  },
  "out_of_sample": {
    "total_return_%": 152.0741616881165,
    "max_drawdown_%": 3.202765091652536,
    "sharpe_ratio": 1.3173360865240433,
    "sortino_ratio": 1.3980493611844245,
    "calmar_ratio": 4.991035118006069,
    "total_trades": 24,
    "win_rate_%": 83.33333333333334,
    "profit_factor": 14.7439331372389
  }
}