{
  "in_sample": {
    "total_return_%": 289.58144589682774,
    "max_drawdown_%": 2.8083827755431066,
    "sharpe_ratio": 1.2346047798989557,
    "sortino_ratio": 0.6967697668314878,
    "calmar_ratio": 3.542803819852414,
    "total_trades": 50,
    "win_rate_%": 88.0,
    "profit_factor": 27.349397187381214
  },
  "out_of_sample": {
    "total_return_%": 154.57864599814974,
    "max_drawdown_%": 2.2410355972091214,
    "sharpe_ratio": 1.3310906707906198,
    "sortino_ratio": 1.4469677243814298,
    "calmar_ratio": 7.200832234784645,
    "total_trades": 24,
    "win_rate_%": 83.33333333333334,
    "profit_factor": 17.658154640820218
  }
}