{
  "in_sample": {
    "total_return_%": 284.29848732267766,
    "max_drawdown_%": 2.9660207907152008,
    "sharpe_ratio": 1.255304021209692,
    "sortino_ratio": 0.6738152163513608,
    "calmar_ratio": 3.3602484140074886,
    "total_trades": 51,
    "win_rate_%": 82.35294117647058,
    "profit_factor": 27.3351168557843
  },
  "out_of_sample": {
    "total_return_%": 164.41527491109883,
    "max_drawdown_%": 0.0,
    "sharpe_ratio": 1.4261154548013493,
    "sortino_ratio": Infinity,
    "calmar_ratio": Infinity,
    "total_trades": 23,
    "win_rate_%": 100.0,
    "profit_factor": Infinity
  }
}