{
  "in_sample": {
    "total_return_%": 287.0242272094235,
    "max_drawdown_%": 2.8834736279971547,
    "sharpe_ratio": 1.2764073448001851,
    "sortino_ratio": 0.7052256307137074,
    "calmar_ratio": 3.453560196637105,
    "total_trades": 49,
    "win_rate_%": 85.71428571428571,
    "profit_factor": 25.06707511197605
  },
  "out_of_sample": {
    "total_return_%": 161.2344312787156,
    "max_drawdown_%": 0.3101286480559998,
    "sharpe_ratio": 1.4043155134639111,
    "sortino_ratio": 8.026997461591224,
    "calmar_ratio": 53.69226576441426,
    "total_trades": 22,
    "win_rate_%": 90.9090909090909,
    "profit_factor": 231.76214613334025
  }
}