{
  "in_sample": {
    "total_return_%": 289.58144589682774,
    "max_drawdown_%": 2.8083827755431066,
    "sharpe_ratio": 1.234430171781074,
    "sortino_ratio": 0.6965738248273169,
    "calmar_ratio": 3.5418075308142103,
    "total_trades": 50,
    "win_rate_%": 88.0,
    "profit_factor": 27.349397187381214
  },
  "out_of_sample": {
    "total_return_%": 154.57864599814974,
    "max_drawdown_%": 2.2410355972091214,
    "sharpe_ratio": 1.3306513930400032,
    "sortino_ratio": 1.4460188930867537,
    "calmar_ratio": 7.196110377581509,
    "total_trades": 24,
    "win_rate_%": 83.33333333333334,
    "profit_factor": 17.658154640820218
  }
}