{
  "in_sample": {
    "total_return_%": 283.2922788126658,
    "max_drawdown_%": 2.992254033032163,
    "sharpe_ratio": 1.248016081339713,
    "sortino_ratio": 0.6880351402154916,
    "calmar_ratio": 3.335146090305977,
    "total_trades": 50,
    "win_rate_%": 84.0,
    "profit_factor": 25.672691686576663
  },
  "out_of_sample": {
    "total_return_%": 164.54603277896038,
    "max_drawdown_%": 0.0,
    "sharpe_ratio": 1.4296884851225051,
    "sortino_ratio": Infinity,
    "calmar_ratio": Infinity,
    "total_trades": 23,
    "win_rate_%": 100.0,
    "profit_factor": Infinity
  }
}