{
  "in_sample": {
    "total_return_%": 287.48699390834565,
    "max_drawdown_%": 2.86771833560639,
    "sharpe_ratio": 1.2134115355835584,
    "sortino_ratio": 0.7585114887467858,
    "calmar_ratio": 3.483424317630326,
    "total_trades": 49,
    "win_rate_%": 83.6734693877551,
    "profit_factor": 24.05789690825275
  },
  "out_of_sample": {
    "total_return_%": 161.2344312787156,
    "max_drawdown_%": 0.3101286480559998,
    "sharpe_ratio": 1.4038483362856256,
    "sortino_ratio": 8.021695613862299,
    "calmar_ratio": 53.65680191648532,
    "total_trades": 22,
    "win_rate_%": 90.9090909090909,
    "profit_factor": 231.76214613334025
  }
}