{
  "in_sample": {
    "total_return_%": 288.3675041835003,
    "max_drawdown_%": 2.942377921423645,
    "sharpe_ratio": 1.2682917096360566,
    "sortino_ratio": 0.7531342189216472,
    "calmar_ratio": 3.4025392324253754,
    "total_trades": 52,
    "win_rate_%": 84.61538461538461,
    "profit_factor": 23.711091117414444
  },
  "out_of_sample": {
    "total_return_%": 162.62050983543466,
    "max_drawdown_%": 0.1768569440006788,
    "sharpe_ratio": 1.4155005417758124,
    "sortino_ratio": Infinity,
    "calmar_ratio": 94.89151231895579,
    "total_trades": 23,
    "win_rate_%": 95.65217391304348,
    "profit_factor": 631.3416932653998
  }
}