{
  "in_sample": {
    "total_return_%": 283.78191067424217,
    "max_drawdown_%": 2.976079079107413,
    "sharpe_ratio": 1.2460089066742095,
    "sortino_ratio": 0.6915700068397771,
    "calmar_ratio": 3.34504240692788,
    "total_trades": 50,
    "win_rate_%": 82.0,
    "profit_factor": 26.03253862053792
  },
  "out_of_sample": {
    "total_return_%": 162.1576473551419,
    "max_drawdown_%": 0.0,
    "sharpe_ratio": 1.4145245094286008,
    "sortino_ratio": Infinity,
    "calmar_ratio": Infinity,
    "total_trades": 23,
    "win_rate_%": 100.0,
    "profit_factor": Infinity
  }
}