{
  "in_sample": {
    "total_return_%": 282.7723897472483,
    "max_drawdown_%": 2.9754620405485674,
    "sharpe_ratio": 1.2474687881332567,
    "sortino_ratio": 0.6568253874949728,
    "calmar_ratio": 3.3358205992341303,
    "total_trades": 50,
    "win_rate_%": 86.0,
    "profit_factor": 26.232247837063937
  },
  "out_of_sample": {
    "total_return_%": 163.13985332982148,
    "max_drawdown_%": 0.0,
    "sharpe_ratio": 1.4192957225500316,
    "sortino_ratio": Infinity,
    "calmar_ratio": Infinity,
    "total_trades": 23,
    "win_rate_%": 100.0,
    "profit_factor": Infinity
  }
}